{"count":1,"self":301.75685119999997,"total":1462.5757586999998,"children":{"InitializeActuators":{"count":3,"self":0.0019467999999999998,"total":0.0019467999999999998,"children":null},"InitializeSensors":{"count":3,"self":0.0191182,"total":0.0191182,"children":null},"AgentSendState":{"count":161017,"self":1.1986679999999998,"total":159.8391014,"children":{"CollectObservations":{"count":96612,"self":0.11363039999999999,"total":0.11363039999999999,"children":null},"WriteActionMask":{"count":96612,"self":0.1530823,"total":0.1530823,"children":null},"RequestDecision":{"count":96612,"self":0.5213336,"total":158.3737207,"children":{"AgentInfo.ToProto":{"count":96612,"self":0.55889539999999993,"total":157.8523871,"children":{"GenerateSensorData":{"count":96612,"self":4.5974547999999995,"total":157.2934917,"children":{"CameraSensor.GetCompressedObservation":{"count":96612,"self":152.6960384,"total":152.6960369,"children":null}}}}}}}}},"DecideAction":{"count":161017,"self":990.5676288,"total":990.5676705,"children":null},"AgentAct":{"count":161017,"self":3.2155207999999997,"total":10.3895728,"children":{"AgentInfo.ToProto":{"count":3290,"self":0.0199635,"total":7.174052,"children":{"GenerateSensorData":{"count":3290,"self":0.19510419999999998,"total":7.1540884999999994,"children":{"CameraSensor.GetCompressedObservation":{"count":3290,"self":6.958984,"total":6.9589843,"children":null}}}}}}}},"gauges":{"CubeAgent1.CumulativeReward":{"count":3290,"max":12.4000149,"min":0.300000221,"runningAverage":1.91483223,"value":1.59999955,"weightedAverage":2.28387523}},"metadata":{"timer_format_version":"0.1.0","start_time_seconds":"1645657232","unity_version":"2020.3.25f1","command_line_arguments":"D:\\Software Downloads\\2020.3.25f1\\Editor\\Unity.exe -projectpath D:\\NYU\\研二冬季\\Advanced Programming\\HW\\Yanxi-AdvancedProgrammingHW\\HW3-CreateAITest -useHub -hubIPC -cloudEnvironment production -licensingIpc LicenseClient-w1y2f -hubSessionId 6cdbd6c0-94de-11ec-bca5-09f0f74f99b1 -accessToken dyMWPNpqBo7kSq9xNxK1z66l1uMnB_y7D8m3KAXA75E001f","communication_protocol_version":"1.5.0","com.unity.ml-agents_version":"2.2.1-exp.1","scene_name":"SampleScene","end_time_seconds":"1645658695"}}